http://www.w3.org/1999/02/22-rdf-syntax-ns#type,1247320
http://www.w3.org/2000/01/rdf-schema#label,1011375
http://dbpedia.org/ontology/city,759742
http://xmlns.com/foaf/0.1/homepage,387320
http://dbpedia.org/property/nativename,382239
http://dbpedia.org/property/iata,382236
http://dbpedia.org/ontology/iataLocationIdentifier,382192
http://dbpedia.org/ontology/location,381370
http://dbpedia.org/property/cityServed,378324
http://xmlns.com/foaf/0.1/name,202772
http://dbpedia.org/ontology/wikiPageID,125823
bif:contains,123441
http://xmlns.com/foaf/0.1/depiction,100993
http://xmlns.com/foaf/0.1/isPrimaryTopicOf,97343
http://www.w3.org/2000/01/rdf-schema#comment,93293
http://dbpedia.org/ontology/wikiPageRedirects,66883
http://dbpedia.org/ontology/knownFor,52637
http://dbpedia.org/ontology/birthDate,47198
http://dbpedia.org/ontology/deathDate,46697
http://dbpedia.org/ontology/abstract,41476
http://dbpedia.org/ontology/thumbnail,32958
http://dbpedia.org/ontology/birthPlace,31471
http://dbpedia.org/ontology/populationTotal,31166
http://dbpedia.org/ontology/country,27737
http://dbpedia.org/ontology/longName,26553
http://dbpedia.org/ontology/spouse,26388
http://dbpedia.org/property/location,26378
http://dbpedia.org/property/website,26376
http://dbpedia.org/ontology/height,26327
http://dbpedia.org/ontology/timeZone,26319
http://dbpedia.org/ontology/birthName,26319
http://dbpedia.org/property/leaderName,26318
http://dbpedia.org/property/governor,26316
http://dbpedia.org/ontology/office,26315
http://dbpedia.org/property/architect,26313
http://dbpedia.org/property/areaMetroKm,26313
http://dbpedia.org/property/wikiPageUsesTemplate,20998
http://xmlns.com/foaf/0.1/page,17604
http://dbpedia.org/property/redirect,13368
http://www.w3.org/2000/01/rdf-schema#domain,10396
http://dbpedia.org/property/name,9552
http://dbpedia.org/property/companyName,9042
http://dbpedia.org/property/homepage,8722
http://www.w3.org/2002/07/owl#sameAs,7765
http://dbpedia.org/ontology/viafId,6624
http://dbpedia.org/property/symbol,6543
http://dbpedia.org/property/longm,6094
http://dbpedia.org/property/latm,6084
http://dbpedia.org/property/latd,5370
http://dbpedia.org/property/longd,5364
http://dbpedia.org/property/latns,5299
http://dbpedia.org/property/longew,5298
http://www.w3.org/2000/01/rdf-schema#range,5285
http://dbpedia.org/property/longs,5273
http://dbpedia.org/property/lats,5270
http://www.opengis.net/ont/geosparql#lat,5181
http://www.opengis.net/ont/geosparql#long,5177
http://purl.org/dc/terms/subject,4912
http://www.w3.org/2004/02/skos/core#subject,4303
http://dbpedia.org/ontology/deathPlace,3979
http://dbpedia.org/property/abstract,3474
http://dbpedia.org/ontology/releaseDate,3460
http://dbpedia.org/ontology/language,3434
http://dbpedia.org/ontology/nationality,3414
http://dbpedia.org/ontology/hometown,3404
http://dbpedia.org/ontology/notableWork,3392
http://dbpedia.org/ontology/movement,3336
http://dbpedia.org/property/viaf,3312
http://dbpedia.org/property/industry,3293
http://dbpedia.org/ontology/date,3010
http://dbpedia.org/ontology/foundingDate,2993
http://dbpedia.org/ontology/foundingYear,2814
http://dbpedia.org/ontology/startDate,2619
http://dbpedia.org/ontology/capital,2017
http://dbpedia.org/ontology/service,2011
http://www.w3.org/2003/01/geo/wgs84_pos#lat,1962
http://www.w3.org/2003/01/geo/wgs84_pos#long,1956
http://dbpedia.org/ontology/industry,1936
http://dbpedia.org/property/wordnet_type,1928
http://dbpedia.org/ontology/runtime,1879
http://dbpedia.org/property/country,1663
http://www.georss.org/georss/point,1568
http://dbpedia.org/property/cover,1439
http://dbpedia.org/property/artist,1430
http://dbpedia.org/ontology/artist,1419
http://dbpedia.org/property/released,1389
http://dbpedia.org/ontology/subsidiary,1368
http://dbpedia.org/ontology/type,1344
http://dbpedia.org/ontology/foundedBy,1263
http://dbpedia.org/ontology/starring,1240
http://dbpedia.org/property/locationCountry,1237
http://dbpedia.org/property/locationCity,1235
http://dbpedia.org/property/founder,1208
http://dbpedia.org/property/keyPeople,1208
http://dbpedia.org/property/parent,1201
http://dbpedia.org/ontology/keyPerson,1201
http://dbpedia.org/property/parentOrganization,1201
http://dbpedia.org/property/officialName,1174
http://dbpedia.org/ontology/currency,831
http://dbpedia.org/property/population,811
http://dbpedia.org/property/products,809
http://dbpedia.org/property/date,809
http://dbpedia.org/ontology/numberOfEmployees,782
http://dbpedia.org/property/latM,774
http://dbpedia.org/property/longM,774
http://dbpedia.org/property/practiceAreas,773
http://www.w3.org/2000/01/rdf-schema#label[@lang='en'],738
http://dbpedia.org/ontology/director,642
http://www.w3.org/2000/01/rdf-schema#subClassOf,512
http://dbpedia.org/ontology/writer,511
http://dbpedia.org/ontology/author,493
http://dbpedia.org/ontology/producer,483
http://dbpedia.org/ontology/careerStation,482
http://dbpedia.org/ontology/activeYearsStartYear,476
http://dbpedia.org/ontology/distributor,475
http://dbpedia.org/ontology/services,465
http://dbpedia.org/property/services,465
http://dbpedia.org/ontology/activeYearsEndYear,462
http://dbpedia.org/ontology/musicComposer,462
http://dbpedia.org/property/established,439
http://dbpedia.org/ontology/editing,437
http://dbpedia.org/property/birthDate,420
http://dbpedia.org/property/establishedDate,409
http://dbpedia.org/ontology/cinematography,408
http://dbpedia.org/property/currentCatDate,407
http://dbpedia.org/ontology/openingDate,402
http://dbpedia.org/property/admittancedate,402
http://dbpedia.org/property/startDate,402
http://dbpedia.org/ontology/opening,401
http://dbpedia.org/property/created,401
http://dbpedia.org/property/completionDate,401
http://dbpedia.org/ontology/activeYearsStartDate,401
http://dbpedia.org/property/openingDate,401
http://dbpedia.org/ontology/activeYearsEndDate,400
http://dbpedia.org/property/reign,400
http://dbpedia.org/property/hasPhotoCollection,388
http://www.w3.org/2004/02/skos/core#broader,369
http://dbpedia.org/property/commonName,355
http://dbpedia.org/property/deathDate,340
http://dbpedia.org/ontology/associatedBand,335
http://dbpedia.org/property/instrument,305
http://dbpedia.org/property/currentMembers,305
http://dbpedia.org/property/postalabbreviation,298
http://dbpedia.org/ontology/associatedMusicalArtist,295
http://www.w3.org/2003/01/geo/wgs84_pos#geometry,269
http://dbpedia.org/property/dateOfBirth,265
http://xmlns.com/foaf/0.1/primaryTopic,255
http://dbpedia.org/ontology/demonym,249
http://dbpedia.org/property/series,237
http://dbpedia.org/property/acronym,237
http://dbpedia.org/ontology/isPartOf,228
http://dbpedia.org/ontology/genre,201
http://dbpedia.org/property/starring,199
http://dbpedia.org/property/caption,193
http://dbpedia.org/property/shortDescription,180
http://dbpedia.org/ontology/elevation,179
http://dbpedia.org/property/birthPlace,175
http://dbpedia.org/ontology/state,170
http://purl.org/voc/vrank#hasRank,161
http://dbpedia.org/property/occupation,159
http://purl.org/voc/vrank#rankValue,159
http://www.w3.org/1999/02/22-rdf-syntax-ns#type1,156
http://dbpedia.org/property/logo,155
http://dbpedia.org/ontology/populationEstimate,146
http://dbpedia.org/property/type,131
http://dbpedia.org/ontology/class,127
http://dbpedia.org/ontology/iso6391Code,123
http://dbpedia.org/property/genre,122
http://dbpedia.org/ontology/name,115
http://dbpedia.org/property/populationEstimate,112
http://dbpedia.org/property/year,108
http://xmlns.com/foaf/0.1/givenName,106
http://www.w3.org/2002/07/owl#equivalentClass,103
http://dbpedia.org/ontology/numberOfPages,91
http://data.linkedmdb.org/resource/movie/performance,90
http://dbpedia.org/ontology/foundationPlace,88
http://dbpedia.org/property/populationTotal,87
http://dbpedia.org/ontology/award,86
http://dbpedia.org/property/author,79
http://dbpedia.org/ontology/product,79
http://dbpedia.org/property/weight,77
http://dbpedia.org/property/residence,75
http://dbpedia.org/ontology/college,75
http://dbpedia.org/ontology/areaTotal,74
http://dbpedia.org/ontology/parent,73
http://dbpedia.org/ontology/parentCompany,72
http://dbpedia.org/ontology/kingdom,71
http://dbpedia.org/ontology/university,71
http://www.w3.org/2004/02/skos/core#prefLabel,70
http://dbpedia.org/ontology/phylum,70
http://purl.org/dc/terms/title,68
http://dbpedia.org/ontology/genus,67
http://dbpedia.org/property/director,67
http://dbpedia.org/ontology/PopulatedPlace/areaTotal,67
http://dbpedia.org/ontology/child,66
http://dbpedia.org/property/placeOfBirth,66
http://dbpedia.org/property/distributor,66
http://dbpedia.org/ontology/officialLanguage,65
http://dbpedia.org/property/populationCensus,65
http://dbpedia.org/ontology/developer,64
http://dbpedia.org/ontology/almaMater,62
http://dbpedia.org/ontology/origin,60
http://purl.org/dc/elements/1.1/description,59
http://dbpedia.org/ontology/leader,59
http://dbpedia.org/property/title,59
http://dbpedia.org/ontology/designer,59
http://dbpedia.org/ontology/weight,58
http://dbpedia.org/ontology/mass,56
http://dbpedia.org/ontology/team,55
http://dbpedia.org/ontology/order,55
http://dbpedia.org/ontology/imdbid,54
http://dbpedia.org/property/before,52
http://dbpedia.org/ontology/populationMetro,52
http://dbpedia.org/property/mass,52
http://dbpedia.org/property/after,52
http://dbpedia.org/ontology/bandMember,52
http://dbpedia.org/ontology/runwayDesignation,52
http://dbpedia.org/ontology/creator,51
http://dbpedia.org/ontology/education,50
http://dbpedia.org/property/latitude,50
http://dbpedia.org/ontology/occupation,50
http://dbpedia.org/property/language,50
http://dbpedia.org/ontology/inseeCode,49
http://dbpedia.org/property/longitude,48
http://dbpedia.org/property/currentclub,47
http://dbpedia.org/ontology/influenced,46
http://dbpedia.org/ontology/manufacturer,45
http://dbpedia.org/ontology/Work/runtime,45
http://dbpedia.org/ontology/musicalBand,44
http://dbpedia.org/property/nativeName,44
http://dbpedia.org/property/chain,44
http://dbpedia.org/property/league,44
http://dbpedia.org/ontology/river,42
http://dbpedia.org/property/officialLanguages,42
http://dbpedia.org/ontology/league,42
http://dbpedia.org/ontology/musicalArtist,41
http://dbpedia.org/ontology/field,41
http://dbpedia.org/ontology/officialSchoolColour,41
http://dbpedia.org/property/children,40
http://dbpedia.org/ontology/sourceCountry,40
http://dbpedia.org/property/populationDemonym,40
http://dbpedia.org/ontology/influencedBy,40
http://dbpedia.org/property/nationality,40
http://dbpedia.org/property/conventionalLongName,39
http://dbpedia.org/ontology/colourName,38
http://dbpedia.org/ontology/precursor,38
http://dbpedia.org/property/locationTown,37
http://dbpedia.org/ontology/gross,37
http://dbpedia.org/ontology/locationCity,37
http://dbpedia.org/ontology/foundingPerson,36
http://dbpedia.org/ontology/leaderName,36
http://dbpedia.org/ontology/source,36
http://dbpedia.org/ontology/position,36
http://dbpedia.org/property/nickname,36
http://dbpedia.org/ontology/runwaySurface,36
http://xmlns.com/foaf/0.1/surname,35
http://dbpedia.org/property/manufacturer,34
http://dbpedia.org/ontology/abbreviation,34
http://dbpedia.org/ontology/battle,34
http://dbpedia.org/property/nationalteam,34
http://dbpedia.org/property/region,34
http://dbpedia.org/ontology/numberOfStudents,33
http://dbpedia.org/ontology/predecessor,33
http://dbpedia.org/ontology/launchSite,33
http://dbpedia.org/ontology/formerBandMember,31
http://dbpedia.org/property/spouse,31
http://dbpedia.org/ontology/stateOfOrigin,31
http://dbpedia.org/property/dateOfDeath,31
http://dbpedia.org/ontology/locatedInArea,31
http://dbpedia.org/property/headquarters,30
http://dbpedia.org/ontology/publicationDate,30
http://dbpedia.org/ontology/ingredient,30
http://dbpedia.org/ontology/successor,30
http://dbpedia.org/property/pubDate,29
http://dbpedia.org/ontology/series,29
http://dbpedia.org/property/populationAsOf,29
http://dbpedia.org/ontology/company,29
http://dbpedia.org/ontology/Person/height,29
http://dbpedia.org/property/city,29
http://dbpedia.org/property/settlemantType,29
http://dbpedia.org/property/position,28
http://dbpedia.org/ontology/residence,28
http://dbpedia.org/ontology/instrument,28
http://dbpedia.org/ontology/crosses,27
http://github.com/cunger/lemon.dbpedia/target/dbpedia_all#birthCountry,27
http://dbpedia.org/ontology/runwayLength,27
http://dbpedia.org/property/model,27
http://dbpedia.org/ontology/wikiPageExternalLink,27
http://dbpedia.org/ontology/mayor,27
http://dbpedia.org/property/airline,26
http://dbpedia.org/ontology/locationCountry,26
http://dbpedia.org/ontology/recordLabel,26
http://xmlns.com/foaf/0.1/person,26
http://dbpedia.org/ontology/placeOfBirth,25
http://dbpedia.org/property/length,24
http://dbpedia.org/property/students,24
http://dbpedia.org/ontology/militaryBranch,24
http://dbpedia.org/ontology/affiliation,23
http://dbpedia.org/ontology/manager,23
http://dbpedia.org/property/successor,23
http://dbpedia.org/ontology/era,23
http://dbpedia.org/ontology/budget,23
http://dbpedia.org/ontology/wikiPageDisambiguates,22
http://dbpedia.org/ontology/callsignMeaning,22
http://dbpedia.org/ontology/portrayer,22
http://dbpedia.org/property/workplaces,22
http://dbpedia.org/property/predecessor,22
http://www.w3.org/1999/02/22-rdf-syntax-nstype,22
http://dbpedia.org/property/numberOfRooms,22
http://dbpedia.org/ontology/label,22
http://dbpedia.org/property/fleetSize,21
http://dbpedia.org/ontology/architecturalStyle,21
http://dbpedia.org/ontology/managerClub,21
http://dbpedia.org/property/iso3166code,21
http://dbpedia.org/property/elevationM,21
http://xmlns.com/foaf/0.1/firstName,20
http://dbpedia.org/property/wins,20
http://dbpedia.org/ontology/district,20
http://dbpedia.org/property/iso31661Alpha,20
http://dbpedia.org/property/showName,20
http://dbpedia.org/ontology/militaryUnit,19
http://dbpedia.org/property/countryCode,19
http://dbpedia.org/property/total,19
http://dbpedia.org/property/releaseDate,19
http://dbpedia.org/property/losses,19
http://dbpedia.org/ontology/profession,19
http://dbpedia.org/property/ko,19
http://dbpedia.org/ontology/publisher,18
http://dbpedia.org/property/birthName,18
http://dbpedia.org/ontology/literaryGenre,18
http://dbpedia.org/ontology/viceChancellor,17
http://dbpedia.org/property/subdivisionName,17
http://dbpedia.org/property/almaMater,17
http://dbpedia.org/property/yearEnd,17
http://dbpedia.org/ontology/inflow,17
http://dbpedia.org/property/fifaRank,16
http://dbpedia.org/property/owner,16
http://dbpedia.org/ontology/broadcastArea,16
http://dbpedia.org/property/pushpinMap,15
http://dbpedia.org/ontology/vicePresident,15
http://dbpedia.org/ontology/riverMouth,15
http://dbpedia.org/ontology/relation,15
http://dbpedia.org/ontology/operatingSystem,15
http://dbpedia.org/ontology/division,15
http://dbpedia.org/ontology/narrator,15
http://schema.org/location,15
http://dbpedia.org/ontology/restingPlace,15
http://dbpedia.org/property/capital,14
http://dbpedia.org/ontology/mouthPlace,14
http://dbpedia.org/property/budget,14
http://dbpedia.org/ontology/headquarter,14
http://dbpedia.org/property/president,14
http://dbpedia.org/ontology/mouthMountain,14
http://dbpedia.org/ontology/sisterStation,14
http://dbpedia.org/property/origin,14
http://dbpedia.org/property/developer,14
http://dbpedia.org/property/relatives,14
http://dbpedia.org/ontology/birthYear,14
http://www.w3.org/1999/02/22-rdf-syntax-ns#label,14
http://dbpedia.org/ontology/deathDay,13
http://dbpedia.org/ontology/goldMedalist,13
http://dbpedia.org/property/leaderTitle,13
http://dbpedia.org/property/populationBlank,13
http://dbpedia.org/ontology/region,13
http://dbpedia.org/property/faculty,13
http://dbpedia.org/ontology/wikiPageRevisionID,13
http://dbpedia.org/property/runtime,13
http://dbpedia.org/ontology/composer,13
http://dbpedia.org/property/state,12
http://dbpedia.org/property/staff,12
http://dbpedia.org/ontology/activeYearEndYear,12
http://dbpedia.org/ontology/routeStart,12
http://dbpedia.org/ontology/year,12
http://dbpedia.org/ontology/owner,12
http://dbpedia.org/ontology/regionServed,12
http://dbpedia.org/ontology/partner,12
http://www.wikidata.org/entity/P161c,12
http://dbpedia.org/property/clubs,11
http://dbpedia.org/property/ground,11
http://dbpedia.org/property/birthplace,11
http://dbpedia.org/ontology/largestCity,11
http://dbpedia.org/ontology/wineProduced,11
http://dbpedia.org/ontology/founder,11
http://dbpedia.org/property/label,11
http://dbpedia.org/ontology/issn,11
http://dbpedia.org/property/realname,11
http://dbpedia.org/ontology/club,11
http://dbpedia.org/property/firstdate,10
http://dbpedia.org/ontology/address,10
http://dbpedia.org/property/phylum,10
http://dbpedia.org/property/headmaster,10
http://dbpedia.org/ontology/chairman,10
http://dbpedia.org/property/color,10
http://dbpedia.org/property/numEmployees,10
http://dbpedia.org/ontology/president,10
http://dbpedia.org/ontology/broadcastNetwork,10
http://dbpedia.org/ontology/ground,10
http://dbpedia.org/ontology/nearestCity,10
http://dbpedia.org/property/numberOfSuites,10
http://dbpedia.org/property/motto,10
http://dbpedia.org/ontology/Country,10
http://dbpedia.org/property/associatedActs,9
http://dbpedia.org/property/birthdate,9
http://xmlns.com/foaf/0.1/age,9
http://dbpedia.org/ontology/endowment,9
http://dbpedia.org/ontology/neighboringMunicipality,9
http://dbpedia.org/property/incumbent,9
http://dbpedia.org/ontology/routeJunction,9
http://dbpedia.org/ontology/servingRailwayLine,9
http://dbpedia.org/property/class,9
http://dbpedia.org/ontology/imdbId,9
http://dbpedia.org/ontology/title,9
http://dbpedia.org/property/cinematography,9
http://www.w3.org/2000/01/rdf-schema#subPropertyOf,9
http://dbpedia.org/property/text,9
http://dbpedia.org/property/id,9
http://dbpedia.org/property/gross,9
http://dbpedia.org/ontology/targetAirport,9
http://dbpedia.org/property/preceded,8
http://dbpedia.org/ontology/number,8
http://dbpedia.org/ontology/capacity,8
http://xmlns.com/foaf/0.1/nick,8
http://dbpedia.org/property/appmagV,8
http://www.w3.org/2000/01/rdf-schema#type,8
http://dbpedia.org/property/music,8
http://dbpedia.org/ontology/governor,8
http://dbpedia.org/ontology/populationUrban,8
http://dbpedia.org/ontology/games,8
http://dbpedia.org/ontology/event,8
http://www.w3.org/2002/07/owl#wikiPageWikiLink,8
http://xmlns.com/foaf/0.1/made,8
http://dbpedia.org/property/address,7
http://dbpedia.org/ontology/operator,7
http://dbpedia.org/property/populationUrban,7
http://dbpedia.org/ontology/family,7
http://dbpedia.org/ontology/lastAppearance,7
http://dbpedia.org/ontology/maximumElevation,7
http://dbpedia.org/property/price,7
http://dbpedia.org/property/latdm,7
http://dbpedia.org/property/area,7
http://data.linkedmdb.org/resource/movie/actor_name,7
http://dbpedia.org/property/road,7
http://dbpedia.org/property/areaTotalKm,7
http://dbpedia.org/property/editing,7
http://dbpedia.org/ontology/discoverer,7
http://www.w3.org/2004/02/skos/core#related,7
http://xmlns.com/foaf/0.1/based_near,7
http://dbpedia.org/ontology/deathCause,7
http://dbpedia.org/ontology/episodenumber,7
http://dbpedia.org/property/mapCaption,7
http://dbpedia.org/property/luminosity,7
http://dbpedia.org/property/imdbId,7
http://dbpedia.org/property/numberOfRestaurants,7
http://dbpedia.org/property/producer,7
http://dbpedia.org/property/etymology,6
http://github.com/cunger/lemon.dbpedia/target/dbpedia_en_11#mayor__noun/sense2,6
http://dbpedia.org/property/narrator,6
http://www.wikidata.org/prop/direct/P569,6
http://dbpedia.org/property/lang,6
http://dbpedia.org/ontology/recordedIn,6
http://dbpedia.org/ontology/timeZome,6
http://dbpedia.org/property/team,6
http://dbpedia.org/property/utcOffset,6
http://dbpedia.org/property/category,6
http://dbpedia.org/ontology/birthplace,6
http://dbpedia.org/ontology/draftTeam,6
http://dbpedia.org/ontology/commandStructure,6
http://xmlns.com/foaf/0.1/givenname,6
http://dbpedia.org/ontology/mainspan,6
http://dbpedia.org/property/influences,6
http://dbpedia.org/ontology/programmeFormat,6
http://dbpedia.org/ontology/programmingLanguage,6
http://dbpedia.org/ontology/doctoralStudent,6
http://dbpedia.org/ontology/alias,6
http://www.w3.org/2000/01/rdf-schema#seeAlso,6
http://dbpedia.org/property/publisher,6
http://dbpedia.org/ontology/firstAppearance,6
http://dbpedia.org/ontology/background,6
http://dbpedia.org/property/placeOfDeath,6
http://dbpedia.org/ontology/website,6
http://data.linkedmdb.org/resource/movie/actor_actorid,6
http://dbpedia.org/ontology/champion,6
http://dbpedia.org/ontology/gender,6
http://dbpedia.org/property/nearestCity,6
http://dbpedia.org/ontology/operatedBy,6
http://dbpedia.org/property/dateEnd,6
http://dbpedia.org/property/bridge,6
http://dbpedia.org/property/isbn,6
http://dbpedia.org/ontology/Mayor,6
http://dbpedia.org/ontology/postalCode,6
http://dbpedia.org/property/currency,6
http://dbpedia.org/property/rgYear,6
http://dbpedia.org/ontology/aDate,5
http://xmlns.com/foaf/0.1/img,5
http://dbpedia.org/ontology/meshId,5
http://dbpedia.org/ontology/governmentType,5
http://dbpedia.org/ontology/championInSingleMale,5
http://dbpedia.org/ontology/lyrics,5
http://dbpedia.org/property/turbocharger,5
http://dbpedia.org/ontology/creativeDirector,5
http://dbpedia.org/ontology/championInMixedDouble,5
http://dbpedia.org/ontology/championInSingleFemale,5
http://dbpedia.org/property/strokes,5
http://dbpedia.org/ontology/citizenship,5
http://dbpedia.org/ontology/bronzeMedalist,5
http://dbpedia.org/property/stateParty,5
http://dbpedia.org/ontology/spokenIn,5
http://dbpedia.org/property/leaderParty,5
http://dbpedia.org/ontology/facultySize,5
http://dbpedia.org/ontology/place,5
http://dbpedia.org/property/gender,5
http://dbpedia.org/property/status,5
http://dbpedia.org/ontology/garrison,5
http://www.w3.org/1999/02/22-rdf-syntax-ns#name,5
http://dbpedia.org/ontology/silverMedalist,5
http://dbpedia.org/resource/Name,5
http://dbpedia.org/ontology/discovered,5
http://dbpedia.org/ontology/drugbank,5
http://dbpedia.org/property/culturalOrigins,5
http://dbpedia.org/ontology/religion,5
http://dbpedia.org/property/assembly,5
http://dbpedia.org/property/born,5
http://dbpedia.org/ontology/numberOfParticipatingAthletes,5
http://dbpedia.org/property/firstFlight,5
http://dbpedia.org/ontology/championInDoubleFemale,5
http://dbpedia.org/ontology/relative,5
http://dbpedia.org/ontology/endDate,5
http://dbpedia.org/ontology/championInDoubleMale,5
http://dbpedia.org/birthPlace,5
http://dbpedia.org/ontology/sex,5
http://purl.org/dc/elements/1.1/title,5
http://dbpedia.org/property/dates,5
http://dbpedia.org/property/discovered,5
http://dbpedia.org/property/languages,5
http://dbpedia.org/ontology/deathYear,5
http://dbpedia.org/ontology/formationYear,5
http://dbpedia.org/ontology/status,5
http://escalex/doc/metadata#text,5
http://dbpedia.org/property/license,5
http://dbpedia.org/property/voiceType,5
http://dbpedia.org/ontology/silver,5
http://dbpedia.org/ontology/age,5
http://dbpedia.org/property/os,4
http://dbpedia.org/property/officialname,4
http://dbpedia.org/property/settlementType,4
dbpedia-owl:country,4
http://dbpedia.org/ontology/mission,4
http://dbpedia.org/ontology/areaCode,4
http://xlmns.com/foaf/0.1/nick,4
http://purl.org/dsw/hasOccurrence,4
http://dbpedia.org/property/surname,4
http://dbpedia.org/property/altname,4
http://www.w3.org/2004/02/skos/core#type,4
http://dbpedia.org/ontology/bridgeCarries,4
http:dbpedia.org/ontology/birthPlace,4
http://dbpedia.org/property/pages,4
http://dbpedia.org/property/brewery,4
http://dbpedia.org/ontology/numberOfEpisodes,4
http://purl.org/dc/elements/1.1/subject,4
http://dbpedia.org/property/frontCamera,4
http://dbpedia.org/property/distLy,4
http://dbpedia.org/ontology/leaderParty,4
http://dbpedia.org/ontology/nobelLaureates,4
http://www.wikidata.org/entity/P495c,4
http://www.w3.org/2002/07/owl#floorArea,4
http://dbpedia.org/property/holidayName,4
http://dbpedia.org/ontology/altitude,4
http://dbpedia.org/property/insee,4
http://dbpedia.org/ontology/bodyDiscovered,4
http://dbpedia.org/resource/country,4
http://dbpedia.org/ontology/point,4
http://dbpedia.org/ontology/school,4
http://xlmns.com/foaf/0.1/name,4
http://dbpedia.org/ontology/tenant,4
http://dbpedia.org/ontology/Name,4
http://dbpedia.org/property/usopenresult,4
http://dbpedia.org/property/rearCamera,4
http://dbpedia.org/property/hometown,4
http://www.w3.org/1999/02/22-rdf-syntax-ns#/type,4
http://dbpedia.org/property/constell,4
http://dbpedia.org/property/rulingParty,4
http://dbpedia.org/ontology/namedByLanguage,4
http://dbpedia.org/ontology/numberOfSpans,4
http://dbpedia.org/property/award,4
http://dbpedia.org/property/awardDate,4
http://dbpedia.org/property/formation,4
http://dbpedia.org/property/coordinatesRegion,4
http://purl.org/linked-data/cube#dataSet,4
http://dbpedia.org/property/yearSun,4
http://dbpedia.org/property/functionalStatus,4
http://dbpedia.org/property/memory,4
http://dbpedia.org/ontology/clubs,4
http://dbpedia.org/property/brand,4
http://dbpedia.org/ontology/length,4
http://dbpedia.org/property/australianopenresult,4
http://dbpedia.org/ontology/doctoralAdvisor,4
http://purl.org/dsw/evidenceFor,4
http://dbpedia.org/onyology/country,4
http://dbpedia.org/property/awardName,4
http://dbpedia.org/property/voiceTyep,4
http://dbpedia.org/property/cpu,4
http://dbpedia.org/property/district,4
http://dbpedia.org/property/attributes,4
http://dbpedia.org/property/isoCode,4
http://dbpedia.org/property/twinTown,4
http://xmlns.com/foaf/0.1/dateOfBirth,4
http://dbpedia.org/ontology/languageFamily,4
http://dbpedia.org/property/wimbledonresult,4
http://dbpedia.org/ontology/aircraftBomber,3
http://xmlns.com/foaf/0.1/mbox,3
http://dbpedia.org/property/familia,3
http://dbpedia.org/property/legislature,3
http://dbpedia.org/ontology/MilitaryAircraft,3
http://wifo5-04.informatik.uni-mannheim.de/drugbank/resource/drugbank/pharmacology,3
http://dbpedia.org/resource/film,3
http://dbpedia.org/ontology/museum,3
http://dbpedia.org/ontology/lake,3
http://dbpedia.org/property/birth,3
http://dbpedia.org/property/gdpNominal,3
http://dbpedia.org/property/manager,3
http://dbpedia.org/property/airdate,3
http://dbpedia.org/property/studio,3
http://rdf.freebase.com/ns/type.object.name,3
http://triple.twitter.elte.hu/lang,3
http://dbpedia.org/ontology/Artist,3
http://dbpedia.org/ontology/released,3
http://dbpedia.org/property/sovereignCountry,3
http://dbpedia.org/ontology/metropolitanBorough,3
http://dbpedia.org/ontology/formationDate,3
http://dbpedia.org/resource/dateStart,3
http://dbpedia.org/property/album,3
http://dbpedia.org/property/areaKm,3
http://dbpedia.org/property/continent,3
http://www.w3.org/2002/07/owlsameAs,3
http://dbpedia.org/property/englishPubDate,3
http://dbpedia.org/ontology/dean,3
http://dbpedia.org/property/yearPrecipitationMm,3
http://purl.org/dc/terms/date,3
http://dbpedia.org/property/fueltype,3
http://dbpedia.org/property/profession,3
http://dbpedia.org/property/ordo,3
http://dbpedia.org/ontology/training,3
http://dbpedia.org/property/postalCode,3
http://triple.twitter.elte.hu/text,3
http://dbpedia.org/property/foundation,3
http://dbpedia.org/ontology/producedBy,3
http://dbpedia.org/ontology/arrondissement,3
http://dbpedia.org/ontology/highestMountain,3
http://dbpedia.org/property/officialLanguage,3
http://dbpedia.org/resource/dateEnd,3
http://dbpedia.org/ontology/editor,3
http://dbpedia.org/property/prizes,3
http:dbpedia.org/ontology/background,3
http://dbpedia.org/ontology/musicSubgenre,3
http://dbpedia.org/property/composer,3
http://dbpedia.org/property/judges,3
http://dbpedia.org/property/iconographicAttributes,3
http://dbpedia.org/ontology/continent,3
http://www.w3.org/2000/01/rdf-schema#industry,3
http://dbpedia.org/property/longwe,3
http://dbpedia.org/ontology/populatedTotal,3
http://fr.dbpedia.org/property/nom,3
http://dbpedia.org/ontology/notableCommander,3
http://dbpedia.org/ontology/recordDate,3
http://dbpedia.org/property/parents,3
http://dbpedia.org/ontology/governingBody,3
http://dbpedia.org/ontology/voice,3
http://dbpedia.org/property/sourceCountry,3
http://dbpedia.org/ontology/department,3
http://www.w3.org/2000/01/rdf-schema#name,3
http://dbpedia.org/ontology/winsInEurope,3
http://dbpedia.org/ontology/icaoLocationIdentifier,3
http://dbpedia.org/ontology/powers,3
http://escalex/source/EU#type,3
http://dbpedia.org/ontology/routeEnd,3
http://example.orgdate,3
http://dbpedia.org/ontology/placeOfBurial,2
http://dbpedia.org/property/aprRecordHighC,2
http://dbpedia.org/property/inclination,2
http://dbpedia.org/ontology/achievement,2
http://dbpedia.org/ontology/ceo,2
http://dbpedia.org/ontology/MovieGenre,2
http://dbpedia.org/ontology/Author,2
http://dbpedia.org/property/weightLb,2
http://dbpedia.org/property/heritageDesignation,2
http://dbpedia.org/ontology/academicAdvisor,2
http://dbpedia.org/ontology/population,2
http://www.cs.helsinki.fi/group/seco/ns/2004/03/18-esinekortti#www_valmistuspaikka,2
http://dbpedia.org/ontology/PopulatedPlace,2
http://dbpedia.org/ontology/abtrsact,2
http://dbpedia.org/propertybirthPlace,2
http://dbpedia.org/ontology/wikiPageWikiLink,2
http://escalex/source/EU#docId,2
http://dbpedia.org/resource/birthPlace,2
http://dbpedia.org/ontology/binomialAuthority,2
http://dbpedia.org/ontology/basedOn,2
http://dbpedia.org/property/dateStart,2
http://dbpedia.org/ontology/closestCity,2
http://dbpedia.org/property/fullname,2
http://dbpedia.org/property/acres,2
http://purl.org/net/drug-interaction-knowledge-base/DIKB_evidence_ontology.owl#Drugname,2
http://dbpedia.org/property/followedBy,2
http://dbpedia.org/property/child,2
http://dbpedia.org/property/shipType,2
http://dbpedia.org/property/numEpisodes,2
http://lemon-model.net/lemon#reference,2
http://dbpedia.org/property/frenchopenresult,2
http://babelnet.org/rdf/lemon:sense,2
http://dbpedia.org/ontology/notableStudent,2
http://www.w3.org/1999/02/22-rdf-syntax-ns#Property,2
http://dbpedia.org/property/nrhpType,2
http://dbpedia.org/ontology/structuralSystem,2
http://www.w3.org/ns/prov#wasDerivedFrom,2
http://dbpedia.org/property/deathPlace,2
http://dbpedia.org/ontology/usedInWar,2
http://dbpedia.org/ontology/Director,2
http://www.w3.org/1999/02/22-rdf-syntax-ns#property,2
http://www.holygoat.co.uk/owl/redwood/0.1/tags/taggedWithTag,2
http://dbpedia.org/ontology/mythology,2
http://dbpedia.org/property/writer,2
http://escalex/doc/metadata#tid,2
http://dbpedia.org/property/administrativeHeadCity,2
http://escalex/doc/relationship#e1,2
http://escalex/doc/relationship#e2,2
http://dbpedia.org/property/areaTotal,2
http://dbpedia.org/ontology/largestSettlement,2
http://dbpedia.org/recordLabel,2
http://www.w3.org/2000/01/rdf-schema#commet,2
http://dbpedia.org/property/netWorth,2
http://dbpedia.org/ontology/splitFromParty,2
http://xmlns.com/foaf/0.1/Image,2
http://dbpedia.org/property/consecrationYear,2
http://dbpedia.org/ontology/previousWork,2
http://dbpedia.org/property/gDP,2
http://dbpedia.org/property/founded,2
http://dbpedia.org/ontology/stylisticOrigin,2
http://dbpedia.org/ontology/firstAscentPerson,2
http://dbpedia.org/ontology/trustee,2
http://dbpedia.org/property/production,2
http://dbpedia.org/ontology/PopulatedPlace/populationDensity,2
http://dbpedia.org/ontology/motto,2
http://dbpedia.org/ontology/SoccerPlayer,2
http://escalex/doc/relationship#doc,2
http://www.lemon-model.net/lemonsense,2
http://dbpedia.org/property/Name,2
http://dbpedia.org/ontology/populationPlace,2
http://dbpedia.org/property/aka,2
http://dbpedia.org/ontology/type2,2
http://dbpedia.org/property/field,2
http://dbpedia.org/property/recorded,2
http://dbpedia.org/property/albums,2
http://dbpedia.org/ontology/refseqprotein,2
http://escalex/doc/relationship#relation,2
http://dbpedia.org/ontology/assembly,2
http://purl.org/dc/terms/type,2
http://www.machinalis.com/quepy#Keyword,2
http://dbpedia.org/property/age,2
http://www.w3.org/1999/02/22-rdf-syntax-ns#comment,2
http://dbpedia.org/property/callingCode,2
http://dbpedia.org/ontology/Place,2
http://rs.tdwg.org/dwc/terms/#recordedBy,2
http://www.w3.org/2000/01/rdf-schema#Class,2
http://dbpedia.org/property/dynasty,2
http://dbpedia.org/ontology/house,2
http://xmlns.com/foaf/0.1/image,2
http://dbpedia.org/resource/Disease,2
http://dbpedia.org/ontology/architect,2
http://dbpedia.org/ontology/Aircraft,2
http://purl.org/dc/elements/1.1/type,2
http://escalex/source/EU#title,2
http://dbpedia.org/property/boilingPoint,2
http://ontologyloc.com/Bands.owl#title,2
http://dbpedia.org/ontology/density,2
http://dbpedia.org/ontology/jurisdiction,2
http://dbpedia.org/property/icao,2
http://dbpedia.org/property/architecture,2
http://dbpedia.org/ontology/parentOrganisation,2
http://dbpedia.org/property/subdivisionType,2
http://dbpedia.org/ontology/thirdCommander,2
http://dbpedia.org/property/Spouse,2
http://dbpedia.org/ontology/borough,2
http://dbpedia.org/ontology/productionStartYear,2
http://dbpedia.org/property/executiveProducer,2
http://dbpedia.org/property/timezone,2
http://dbpedia.org/ontology/completionDate,2
http://dbpedia.org/property/sepSun,2
http://www.w3.org/2000/01/rdf-schema#birthName,2
http://dbpedia.org/ontology/superintendent,2
http://www.w3.org/2003/01/geo/wgs84_pos#lng,2
http://www.w3.org/2004/02/skos/core#narrower,2
http://lemon-model.net/lemon#sense,2
http://dbpedia.org/property/sepPrecipitationMm,2
http://dbpedia.org/property/south,2
http://dbpedia.org/ontology/otherParty,2
http://www.geonames.org/ontology#population,2
http://dbpedia.org/property/passengers,2
http://dbpedia.org/property/firstAscent,2
http://dbpedia.org/property/sepMeanC,2
http://triple.twitter.elte.hu/url,2
http://dbpedia.org/resource/name,2
http://triple.twitter.elte.hu/user_id,2
http://dbpedia.org/property/dateFounded,2
http://lemon-model.net/lemon#language,2
http://dbpedia.org/property/yearStart,2
http://data.gemeindezukunft.ch/vocab/municipalityId,2
http://dbpedia.org/property/abreviation,2
http://dbpedia.org/ontology/englishPubDate,2
http://dbpedia.org/about/html/http://www.w3.org/2000/01/rdf-schema%01label,2
http://dbpedia.org/ontology/principalArea,2
http://dbpedia.org/resource/created,2
http://dbpedia.org/property/yearsActive,2
http://dbpedia.org/ontology/county,2
http://dbpedia.org/ontology/Origin,2
http://dbpedia.org/ontology/MusicalWork,2
http://dbpedia.org/ontology/areaOfSearch,2
http://dbpedia.org/ontology/chef,2
http://dbpedia.org/ontology/trainer,2
http://dbpedia.org/ontology/park,2
http://www.lemon-model.net/lemonlanguage,2
http://www.w3.org/TR/1999/PR-rdf-schema-19990303#label,2
http://dbpedia.org/property/timeZone,2
http://dbpedia.org/property/built,2
http://dbpedia.org/ontology/Person/birthDate,2
http://dbpedia.org/property/altitude,2
http://dbpedia.org/ontology/awardName,2
http://dbpedia.org/property/debut,2
http://dbpedia.org/ontology/numberOfEntrances,2
http://dbpedia.org/ontology/homeTown,2
http://www.lemon-model.net/lemonreference,2
http://dbpedia.org/property/Country,2
http://purl.org/dc/elements/1.1/creator,2
http://dbpedia.org/property/classis,2
http://dbpedia.org/property/precededBy,2
http://dbpedia.org/property/elevation,2
http://dbpedia.org/ontology/leaderTitle,2
http://dbpedia.org/ontology/medalist,2
http://babelnet.org/rdf/lemon:language,2
http://dbpedia.org/property/latDeg,2
http://dbpedia.org/property/clubnumber,2
http://dbpedia.org/property/idAllocine,2
http://dbpedia.org/property/hdiYear,2
http://dbpedia.org/property/yearFounded,2
http://dbpedia.org/property/thumbnail,2
http://babelnet.org/rdf/lemon:reference,2
http://www.geonames.org/ontology#name,2
http://dbpedia.org/ontology/politicalPartyInLegislature,2
http://www.w3.org/2000/01/rdf-schema#subClass,2
http://dbpedia.org/ontology/parish,2
http://data.linkedmdb.org/resource/movie/actor_nytimes_id,1
http://dbpedia.org/property/sourceLocationNote,1
http://dbpedia.org/property/stateHead,1
http://dbpedia.org/ontology/SpaceShuttle/lastFlight,1
http://dbpedia.org/property/alliance,1
http://dbpedia.org/ontology/TelevisionShow/storyEditor,1
http://dbpedia.org/ontology/hairColor,1
http://dbpedia.org/ontology/winsAtProTournaments,1
http://dbpedia.org/ontology/VideoGame/artist,1
http://dbpedia.org/ontology/FigureSkater/currentPartner,1
http://dbpedia.org/ontology/facultysize,1
http://dbpedia.org/ontology/Place/nearestCity,1
http://purl.org/ontology/mo/releaseType,1
http://dbpedia.org/ontology/beatifiedBy,1
http://dbpedia.org/ontology/TelevisionShow/creator,1
http://dbpedia.org/ontology/oilSystem,1
http://dbpedia.org/property/sourcePrincipaleLocalisation,1
http://www.w3.org/2001/vcard-rdf/3.0#FN,1
http://dbpedia.org/ontology/LaunchPad/lastLaunchRocket,1
http://dbpedia.org/property/source1LatS,1
http://www.w3.org/2002/07/owl#country,1
http://dbpedia.org/ontology/Person/deathCause,1
http://dbpedia.org/ontology/requirement,1
http://dbpedia.org/ontology/City/region1,1
http://dbpedia.org/ontology/publicationYear,1
http://dbpedia.org/property/source1LatD,1
http://dbpedia.org/property/father,1
http://dbpedia.org/property/twinCountry,1
http://dbpedia.org/resource/genre,1
http://dbpedia.org/ontology/groupMembers,1
http://dbpedia.org/ontology/principal,1
http://dbpedia.org/ontology/MusicalWork/artist,1
http://dbpedia.org/ontology/SiteOfSpecialScientificInterest/areaOfSearch,1
http://dbpedia.org/ontology/subgenres,1
http://dbpedia.org/property/stateHighway,1
http://dbpedia.org/property/coordParameters,1
http://dbpedia.org/ontology/iso3166code,1
http://dbpedia.org/property/sourceLengthImperial,1
http://dbpedia.org/property/designations,1
http://dbpedia.org/property/goals,1
dbpedia-owl:activeYearsStartDate,1
http://dbpedia.org/property/sourceLatM,1
http://dbpedia.org/property/capitalCountry,1
http://dbpedia.org/property/death,1
http://dbpedia.org/ontology/assets,1
http://dbpedia.org/ontology/populationDensity,1
http://escalex/doc/relationship#fact,1
http://dbpedia.org/ontology/Actor,1
http://dbpedia.org/ontology/otherAppearances,1
http://dbpedia.org/property/sourceSecondaire,1
http://dbpedia.org/property/capitalExpend6iture,1
http://dbpedia.org/ontology/Bridge/crosses,1
http://dbpedia.org/ontology/School/actingHeadteacher,1
http://dbpedia.org/ontology/University/officerInCharge,1
http://dbpedia.org/about/html/http://www.w3.org/1999/02/22-rdf-syntax-ns#type,1
http://es.dbpedia.org/property/name,1
http://www.w3.org/1999/02/22-rdf-syntax-ns#rest,1
http://dbpedia.org/ontology/originalStartPoint,1
http://dbpedia.org/ontology/awardDate,1
http://dbpedia.org/ontology/HistoricPlace/architect,1
http://dbpedia.org/property/state2House,1
http://dbpedia.org/property/stateGeneralAssembly,1
http://iptc.org/std/rNews/2011-10-07#datePublished,1
http://dbpedia.org/property/sourceConfluence,1
http://dbpedia.org.ontology/country,1
http://dbpedia.org/ontology/channel,1
http://dbpedia.org/ontology/Device/successor,1
http://dbpedia.org/ontology/Artist/label,1
http://dbpedia.org/ontology/BodyOfWater/district,1
http://dbpedia.org/ontology/childOrganisation,1
http://dbpedia.org/ontology/originalEndPoint,1
http://dbpedia.org/ontology/Canal/originalStartPoint,1
http://dbpedia.org/ontology/area,1
http://dbpedia.org/ontology/executiveHeadteacher,1
http://www.w3.org/2005/sparql-results#Leonardo_DiCaprio,1
http://dbpedia.org/ontology/sexe,1
http://dbpedia.org/ontology/WineRegion/varietals,1
http://dbpedia.org/ontology/winsAtJLPGA,1
http://dbpedia.org/ontology/abbeychurchBlessing,1
http://dbpedia.org/property/decPrecipitationMm,1
http://dbpedia.org/ontology/derivative,1
http://dbpedia.org/property/sourceLengthKm,1
http://dbpedia.org/property/sourceLengthUnit,1
http://www.w3.org/1999/02/22-rdf-syntax-ns#abstract,1
http://dbpedia.org/ontology/mouth,1
http://www.cs.helsinki.fi/group/seco/ns/2004/03/18-esinekortti#valmistuspaikka,1
http://dbpedia.org/property/lovers,1
http://dbpedia.org/ontology/Road/system,1
http://dbpedia.org/property/sourceSecondaireLocalisation,1
http://dbpedia.org/ontology/constellation,1
http://dbpedia.org/property/statesCarried,1
http://dbpedia.org/ontology/secondCommander,1
http://dbpedia.org/property/capitalBerlinSize,1
http://dbpedia.org/ontology/TelevisionEpisode/writer,1
http://dbpedia.org/property/source1State,1
http://dbpedia.org/ontology/Company/areaServed,1
http://dbpedia.org/property/riverMouth,1
http://rdf.freebase.com/ns/film.film.starring,1
http://www.w3.org/2004/02/skos/core#subjetoa,1
http://dbpedia.org/property/distance,1
http://dbpedia.org/ontology/nationalTeam,1
http://dbpedia.org/ontology/mouthRegion,1
http://dbpedia.org/property/riverType,1
http://dbpedia.org/ontology/recentWinner,1
http://dbpedia.org/property/sourceUrl,1
http://dbpedia.org/ontology/owningCompany,1
http://data.europa.eu/eli/ontology#title,1
http://dbpedia.org/ontology/wins,1
http://dbpedia.org/ontology/Company/industry,1
http://dbpedia.org/ontology/SoccerClub/ground,1
http://www.w3.org/1999/02/22-rdf-syntax-ns#Name,1
http://dbpedia.org/voice,1
http://dbpedia.org/property/record,1
http://dbpedia.org/property/nextseason,1
http://dbpedia.org/property/drugName,1
http://www.w3.org/2004/02/skos/core#subjeto,1
http://dbpedia.org/property/sourceLatitude,1
http://dbpedia.org/property/riverWide,1
http://www4.wiwiss.fu-berlin.de/factbook/ns#railways_total_qualityValue,1
http://dbpedia.org/ontology/rector,1
http://dbpedia.org/property/structuralSystem,1
http://dbpedia.org/propertylatd,1
http://dbpedia.org/resource/Double-deck_aircraft,1
http://dbpedia.org/ontology/Band/associatedMusicalArtist,1
http://dbpedia.org/property/sovereigntyType,1
http://www.w3.org/1999/02/22-rdf-syntax-ns#genre,1
http://dbpedia.org/ontology/VideoGame/developer,1
http://dbpedia.org/property/dateofBirth,1
http://dbpedia.org/ontology/countryOrigin,1
http://dbpedia.org/ontology/person,1
http://dbpedia.org/ontology/DeathCause,1
http://dbpedia.org/ontology/CollegeCoach/coachedTeam,1
http://dbpedia.org/ontology/Species/genus,1
http://xmlns.com/foaf/0.1/location,1
http://dbpedia.org/property/sourceCoordinatesType,1
http://dbpedia.org/property/wordBefore,1
http://dbpedia.org/ontology/Single/format,1
http://dbpedia.org/ontology/Artist/movement,1
http://dbpedia.org/ontology/actor,1
http://dbpedia.org/resource/population,1
http://dbpedia.org/ontology/party,1
http://dbpedia.org/birthName,1
http://dbpedia.org/ontology/filmFareAward,1
http://dbpedia.org/property/weather,1
http://www.w3.org/2002/07/owl#birthYear,1
http://dbpedia.org/property/entranceCount,1
http://dbpedia/org/ontology/activeYearsEndYear,1
http://www.w3.org/ns/oa#hasBody,1
http://dbpedia.org/ontology/LaunchPad/firstLaunchRocket,1
http://dbpedia.org/ontology/bonzeMedalist,1
http://dbpedia.org/property/stateFlag,1
http://dbpedia.org/ontology/River/mouthCountry,1
http://dbpedia.org/property/topLevelDomain,1
http://dbpedia.org/ontology/IceHockeyPlayer/draftTeam,1
http://dbpedia.org/ontology/rating,1
http:dbpedia.org/ontology/name,1
http://dbpedia.org/property/stateType,1
http://dbpedia.org/ontology/presenter,1
http://dbpedia.org/property/janPrecipitationMm,1
http://dbpedia.org/ontology/winsAtAsia,1
http://dbpedia.org/ontology/MilitaryUnit/aircraftFigther,1
http://dbpedia.org/property/riverLocation,1
http://dbpedia.org/property/statesong,1
http://dbpedia.org/ontology/TelevisionShow/director,1
http://dbpedia.org/ontology/electionDate,1
http://dbpedia.org/ontology/Song/composer,1
http://dbpedia.org/ontology/alumni,1
http://dbpedia.org/property/towerHeight,1
http://dbpedia.org/ontology/largestSettlementType,1
http://www.w3.org/2002/07/owl#location,1
http://www.w3.org/2002/07/owl#deathYear,1
http://dbpedia.org/ontology/teams,1
http://dbpedia.org/ontology/previousInfrastructure,1
http://dbpedia.org/ontology/Band/instrument,1
http://dbpedia.org/ontology/notableIdea,1
http://dbpedia.org/property/venerated_in,1
http://dbpedia.org/property/staterecords,1
http://dbpedia.org/property/link,1
http://dbpedia.org/property/season,1
http://dbpedia.org/property/first,1
http://dbpedia.org/property/sourceType,1
http://dbpedia.org/resource/associatedBand,1
http://dbpedia.org/ontology/SpaceMission/booster,1
http://learningsparql.com/ns/addressbook#lastName,1
http://dbpedia.org/ontology/latd,1
http://dbpedia.org/ontology/previousMission,1
http://dbpedia.org/property/PostalCode,1
http://dbpedia.org/ontology/VideoGame/writer,1
http://dbpedia.org/property/statesRepresented,1
http://dbpedia.org/ontology/skatingClub,1
http://education.data.gov.uk/def/school/districtAdministrative,1
http://dbpedia.org/property/sourcearticle,1
http://dbpedia.org/property/sourceLongM,1
http://ld2sd.deri.org/LD2SD/ns#imports,1
http://dbpedia.org/ontology/Canal/branch,1
http://dbpedia.org/property/groupMember,1
http://dbpedia.org/property/sourceLongD,1
http://dbpedia.org/property/sourcepath,1
http://dbpedia.org/ontology/birthday,1
http://dbpedia.org/ontology/Continent,1
http://dbpedia.org/property/stateOfOrigin,1
http://www.dbpedia.org/Ontology/notableWork,1
http://dbpedia.org/property/populationDensity,1
http://dbpedia.org/property/domain,1
http://dbpedia.org/ontology/ideology,1
http://dbpedia.org/ontology/Lake/island,1
http://xmlns.com/foaf/0.1/Europe,1
http://dbpedia.org/property/sourceLongS,1
http://www.w3.org/1999/02/22-rdf-syntax-ns#author,1
http://dbpedia.org/ontology/FootballTeam/chairman,1
http://dbpedia.org/ontology/RadioStation/format,1
http://dbpedia.org/property/powers,1
http://dbpedia.org/class/yago/Company108058098,1
http://dbpedia.org/property/spans,1
http://dbpedia.org/Location,1
http://dbpedia.org/page/Lebanon,1
http://dbpedia.org/property/substed,1
http://dbpedia.org/ontology/School/trustee,1
http://dbpedia.org/ontology/EducationalInstitution/rector,1
http://dbpedia.org/property/stateCoa,1
http://dbpedia.org/ontology/Species/species,1
http://dbpedia.org/writer,1
http://dbpedia.org/property/circle,1
http://dbpedia.org/ontology/YearInSpaceflight/countryWithFirstAstronaut,1
http://dbpedia.org/property/sourceElevation,1
http://dbpedia.org/property/sourceElevationM,1
http://dbpedia.org/property/headquarter,1
http://www.dbs.cs.uni-duesseldorf.de/RDF/relational#name,1
http://data.europa.eu/eli/ontology#type_document,1
http://dbpedia.org/property/janSun,1
http://dbpedia.org/ontology/Airline/headquarter,1
http://linkedgeodata.org/property/is_in%3Acontinent,1
http://dbpedia.org/ontology/AutomobileEngine/configuration,1
http://dbpedia.org/property/rector,1
http://dbpedia.org/ontology/subject,1
http://dbpedia.org/property/sourceState,1
http://dbpedia.org/property/heightFt,1
http:dbpedia.org/ontology/deathPlace,1
http://dbpedia.org/property/data,1
http://dbpedia.org/ontology/firstFlight,1
http://dbpedia.org/property/associatedBand,1
http://bio2rdf.org/pubmed_vocabulary:last_name,1
http://dbpedia.org/ontology/born,1
http://dbpedia.org/property/nativeNamenativeName,1
http://data.linkedmdb.org/resource/movie/actor,1
http://xmlns.com/foaf/0.1/birthdate,1
http://dbpedia.org/activeYearsStartYear,1
http://dbpedia.org/property/source1ConfluenceLongD,1
http://dbpedia.org/ontology/majorShrine,1
http://dbpedia.org/ontology/range,1
http://dbpedia.org/class/yago/States_of_Brazil,1
http://dbpedia.org/property/sourced,1
http://dbpedia.org/property/stateDivision,1
http://dbpedia.org/ontology/conservationStatus,1
http://dbpedia.org/property/source1LengthImperial,1
http://dbpedia.org/ontology/Person/deathPlace,1
http://dbpedia.org/ontology/countryWithFirstAstronaut,1
http://dbpedia.org/property/heightIn,1
http://dbpedia.org/ontology/play,1
http://dbpedia.org/property/source1LatNs,1
http://dbpedia.org/ontology/domain,1
http://dbpedia.org/ontology/Work,1
http://dbpedia.org/ontology/coverArtist,1
http://dbpedia.org/ontology/FigureSkater/choreographer,1
http://dbpedia.org/ontology/grammyAward,1
http://www.opengis.net/ont/geosparql#geometry,1
http://www.ontotext.com/type,1
http://dbpedia.org/property/influenced,1
http://dbpedia.org/resource/crosses,1
http://dbpedia.org/ontology/SoccerPlayer/club,1
http://dbpedia.org/property/starRating,1
http://dbpedia.org/ontology/Actor/goldenCalfAward,1
http://dbpedia.org/ontology/Band/associatedBand,1
http://dbpedia.org/property/marHighC,1
http://dbpedia.org/property/stateabb,1
http://dbpedia.org/property/source1Elevation,1
http://dbpedia.org/ontology/musicBy,1
http://dbpedia.org/ontology/Spacecraft/launchSite,1
http://dbpedia.org/property/source1ElevationImperial,1
http://dbpedia.org/ontology/Organisation/keyPerson,1
http://dbpedia.org/property/facultySize,1
http://dbpedia.org/ontology/Film/cinematography,1
http://dbpedia.org/property/pisciculturalPopulation,1
http://dbpedia.org/ontology/largestMetro,1
http://dbpedia.org/ontology/winsAtMajors,1
http://dbpedia.org/ontology/GrandPrix/poleDriverTeam,1
http://dbpedia.org/property/stateName,1
http://dbpedia.org/property/capitals,1
http://dbpedia.org/property/aliases,1
http://purl.oclc.org/NET/muo/muo#numericalValue,1
http://dbpedia.org/property/sourceConfluenceElevation,1
http://dbpedia.org/ontology/principalEngineer,1
http://dbpedia.org/ontology/sexeg,1
http://dbpedia.org/ontology/port2,1
http://dbpedia.org/ontology/MilitaryPerson/militaryRank,1
http://dbpedia.org/resource/capital,1
http://dbpedia.org/ontology/Event/followingEvent,1
http://dbpedia.org/ontology/TelevisionShow/producer,1
http://dbpedia.org/ontology/Company/division,1
http://dbpedia.org/property/department,1
http://dbpedia.org/ontology/satellite,1
http://dbpedia.org/ontology/patron,1
http://dbpedia.org/property/sourceConfluenceDistrict,1
http://dbpedia.org/ontology/spokesperson,1
http://dbpedia.org/property/stateSpecial,1
http://worldbank.270a.info/property/indicator,1
http://dbpedia.org/property/stateanthem,1
http://dbpedia.org/resourceofficialName,1
http://dbpedia.org/ontology/AutomobilePlatform/assembly,1
http://dbpedia.org/ontology/SpaceShuttle/firstFlight,1
http://dbpedia.org/ontology/Person/successor,1
http://dbpedia.org/property/classification,1
http://dbpedia.org/ontology/SoccerClub/honours,1
http://dbpedia.org/ontology/MusicArtist,1
http://dbpedia.org/property/workArea,1
http://dbpedia.org/ontology/MilitaryPerson/unit,1
http://purl.org/linked-data/sdmx/2009/dimension#refArea,1
http://www.w3.org/1999/02/22-rdf-syntax-ns#hasPopulation,1
http://dbpedia.org/property/native_name,1
http://dbpedia.org/property/added,1
http://dbpedia.org/ontology/Website/owner,1
http://dbpedia.org/ontology/head,1
http://dbpedia.org/property/filetype,1
http://dbpedia.org/property/songs,1
http://dbpedia.org/property/stateRanking,1
http://dbpedia.org/property/floorCount,1
http://dbpedia.org/property/binomial,1
http://dbpedia.org/property/nativeLanguage,1
http://dbpedia.org/ontology/City/federalState,1
http://www.w3.org/1999/02/22-rdf-syntax-ns#religion,1
http://purl.org/dc/elements/1.1/date,1
http://dbpedia.org/ontology/mountainRange,1
http://dbpedia.org/property/sourceConfluenceLatNs,1
http://dbpedia.org/propertylongd,1
http://dbpedia.org/ontology/City,1
http://dbpedia.org/property/state/district,1
http://dbpedia.org/ontology/battles,1
http://dbpedia.org/property/stateLeagueResult,1
http://dbpedia.org/ontology/NationalCollegiateAthleticAssociationAthlete/sport,1
http://www.w3.org/ns/oa#annotatedBy,1
http://dbpedia.org/property/income,1
http://dbpedia.org/property/revenue,1
http://dbpedia.org/ontology/destination,1
http://dbpedia.org/property/apparentMagnitude,1
http://bio2rdf.org/drugbank_vocabulary:indication,1
http://www.w3.org/ns/oa#annotatedAt,1
http://dbpedia.org/owl/author,1
http://dbpedia.org/ontology/areaServed,1
http://dbpedia.org/property/statesurge,1
http://www.w3.org/2003/01/geo/wgs84_pos#lat2,1
http://dbpedia.org/property/riverName,1
http://cloud.culture.tw/resources/category,1
http://dbpedia.org/ontology/person/placeOfBirth,1
http://xmlns.com/foaf/0.1/europe,1
http://dbpedia.org/page/Double-deck_aircraft/type,1
http://dbpedia.org/property/stateFilmed,1
http://vitali.web.cs.unibo.it/raschietto/type,1
http://www.w3.org/2000/01/rdf-schema#country,1
http://dbpedia.org/ontology/numberOfFilms,1
http://dbpedia.org/property/stateReportCardRating,1
http://dbpedia.org/ontology/afiAward,1
http://dbpedia.org/property/pastMembers,1
http://rdfs.org/ns/void#sparqlEndpoint,1
http://dbpedia.org/ontology/administrativeDistrict,1
http://dbpedia.org/property/sourceElevationNote,1
http://dbpedia.org/ontology/BasketballPlayer/college,1
http://dbpedia.org/ontology/goldenCalfAward,1
http://www.purl.org/subject,1
http://dbpedia.org/ontology/MusicGenre/instrument,1
http://dbpedia.org/ontology/TelevisionShow/endingTheme,1
http://dbpedia.org/ontology/surname,1
http://dbpedia.org/ontology/Automobile/platform,1
http://dbpedia.org/property/stateBus,1
http://dbpedia.org/property/staten,1
http://dbpedia.org/property/totalGoals,1
file:///C:/Users/sunil/workspace/sparql/filenamelabel,1
http://www.w3.org/2000/01/rdf-schema#labe,1
http://xmlns.com/foaf/0.1/maker,1
http://dbpedia.org/ontology/winsAtLET,1
http://dbpedia.org/resource/actor,1
http://dbpedia.org/resource/artist,1
http://dbpedia.org/ontology/Person/party,1
http://dbpedia.org/property/competition,1
http://dbpedia.org/property/sourceConfluenceLatS,1
http://dbpedia.org/ontology/millitaryAircraft,1
http://dbpedia.org/property/sourceConfluenceLatM,1
http://data.linkedmdb.org/resource/movie/actor_netflix_id,1
http://www.w3.org/2002/07/owl#isPartOf,1
http://dbpedia.org/ontology/illustrator,1
http://dbpedia.org/property/died,1
http://dbpedia.org/ontology/MilitaryUnit/aircraftHelicopterTransport,1
http://dbpedia.org/ontology/homeStadium,1
http://dbpedia.org/ontology/EducationalInstitution/director,1
http://dbpedia.org/ontology/significantDesign,1
http://dbpedia.org/ontology/Person/father,1
http://dbpedia.org/ontology/opponent,1
http://dbpedia.org/ontology/computingPlatform,1
http://bio2rdf.org/pubmed_vocabulary:initials,1
http://dbpedia.org/property/areaSqMi,1
http://dbpedia.org/property/membership,1
http://www.w3.org/1999/02/22-rdf-syntax-ns#typ,1
http://dbpedia.org/ontology/isPartOfWineRegion,1
http://dbpedia.org/ontology/Race/recentWinner,1
http://dbpedia.org/ontology/commune,1
http://dbpedia.org/property/stateMotto,1
http://dbpedia.org/ontology/subsequentWork,1
http://dbpedia.org/ontology/studio,1
http://dbpedia.org/ontology/MilitaryUnit/commandStructure,1
http://dbpedia.org/ontology/TelevisionShow/starring,1
http://dbpedia.org/property/allMusic,1
http://dbpedia.org/ontology/GrandPrix/fastestDriverTeam,1
http://dbpedia.org/ontology/NationalCollegiateAthleticAssociationAthlete/college,1
http://dbpedia.org/property/parliament,1
http://dbpedia.org/ontology/hubAirport,1
http://xmlns.com/foaf/0.1/page/page,1
http://dbpedia.org/property/cityofbirth,1
http://dbpedia.org/property/sourceSecondaireLatitude,1
http://dbpedia.org/property/sourcePrincipaleLongitude,1
http://dbpedia.org/property/Work,1
http://dbpedia.org/ontology/Language/states,1
http://dbpedia.org/ontology/numberOFPages,1
http://dbpedia.org/ontology/MilitaryUnit/aircraftHelicopterMultirole,1
http://dbpedia.org/ontology/Actor/iftaAward,1
http://dbpedia.org/ontology/blockAlloy,1
http://dbpedia.org/ontology/nrhpType,1
http://dbpedia.org/ontology/owningOrganisation,1
http://dbpedia.org/property/yearHighC,1
http://dbpedia.org/ontology/MilitaryUnit/battle,1
http://dbpedia.org/ontology/beatifiedPlace,1
http://dbpedia.org/ontology/Newspaper/headquarters,1
http://dbpedia.org/ontology/Hospital/country,1
http://dbpedia.org/ontology/Grape/wineRegion,1
http://dbpedia.org/property/veneratedIn,1
http://dbpedia.org/ontology/winsAtJapan,1
http://geo.linkedopendata.gr/gag/ontology/_,1
http://dbpedia.org/property/stateLawUrl,1
http://dbpedia.org/property/officialName/label,1
http://www.w3.org/1999/02/22-rdf-syntax-ns#first,1
http://dbpedia.org/ontology/TelevisionShow/related,1
http://www.w3.org/2002/07/owl#thing,1
http://dbpedia.org/property/stateLegislature,1
http://dbpedia.org/ontology/coachingTeam,1
http://dbpedia.org/property/source1Name,1
http://dbpedia.org/ontology/EthnicGroup/religion,1
http://dbpedia.org/ontology/boards,1
http://dbpedia.org/property/sourceConfluenceLongM,1
http://dbpedia.org/ontology/MilitaryUnit/notableCommander,1
http://dbpedia.org/ontology/Artist/training,1
http://dbpedia.org/property/CoventionalName,1
http://purl.oclc.org/NET/muo/muo#measuredIn,1
http://dbpedia.org/ontology/fourthCommander,1
http://dbpedia.org/ontology/typeOfElectrification,1
http://dbpedia.org/ontology/numberOfSeasons,1
http://dbpedia.org/ontology/Astronaut/type,1
http://dbpedia.org/ontology/Automobile/relatedAutomobile,1
http://dbpedia.org/property/capitalInfused,1
http://dbpedia.org/property/sourceConfluenceLongD,1
http://dbpedia.org/ontology/thirdTeam,1
http://dbpedia.org/ontology/managementPlace,1
http://xmlns.com/foaf/0.1/birthDate,1
http://dbpedia.org/ontology/MilitaryUnit/aircraftHelicopterUtility,1
http://dbpedia.org/property/sourceCoordinatesFormat,1
http://dbpedia.org/property/source2LatM,1
http://dbpedia.org/property/alumni,1
http://dbpedia.org/ontology/councilArea,1
http://purl.oclc.org/POIS/vcblr#nombre,1
http://dbpedia.org/property/source2LatS,1
http://dbpedia.org/property/seeResultsAbout,1
http://dbpedia.org/ontology/Aircraft/type,1
http://dbpedia.org/ontology/Lymph/drainsTo,1
http://dbpedia.org/ontology/Location,1
http://dbpedia.org/ontology/PopulatedPlace/leaderParty,1
http://dbpedia.org/ontology/lunarRover,1
http://dbpedia.org/ontology/University,1
http://cs.newpaltz.edu/~N01274617/DBterms#hasFriend,1
http://dbpedia.org/ontology/coach,1
http://dbpedia.org/ontology/aircraftHelicopter,1
http://fr.dbpedia.org/property/populationEstimate,1
http://dbpedia.org/ontology/sourceDistrict,1
http://dbpedia.org/property/atcPrefix,1
http://www.kanzaki.com/ns/dpd#latd,1
http://dbpedia.org/property/capitalLongEw,1
http://www.kanzaki.com/ns/dpd#latm,1
http://dbpedia.org/ontology/significantProject,1
https://www.koerperfettwaage-test.de/name,1
http://dbpedia.org/property/gini,1
http://dbpedia.org/ontology/homeArena,1
http://dbpedia.org/ontology/commonName,1
http://dbpedia.org/ontology/provost,1
http://dbpedia.org/ontology/RecordLabel/distributingLabel,1
http://dbpedia.org/ontology/groupMember,1
http://dbpedia.org/resource/BirthPlace,1
http://dbpedia.org/property/source1ConfluenceLocation,1
http://dbpedia.org/ontology/Book/series,1
http://dbpedia.org/ontology/drainsTo,1
http://rdf.freebase.com/ns/comic_strips.comic_strip.characters,1
http://dbpedia.org/ontology/authors,1
http://dbpedia.org/ontology/associatedAct,1
http://dbpedia.org/property/sourceSecondaireAltitude,1
http://dbpedia.org/ontology/winsAtChampionships,1
http://dbpedia.org/property/voiceactor,1
http://dbpedia.org/property/gdpNominalPerCapita,1
http://dbpedia.org/ontology/openingFilm,1
http://dbpedia.org/ontology/lowestPlace,1
file://dbpedia.org/ontology/type,1
http://dbpedia.org/ontology/Newspaper/associateEditor,1
http://dbpedia.org/property/decSun,1
http://dbpedia.org/property/shipBeam,1
http://dbpedia.org/property/stateElectoralDistrict,1
http://rdf.freebase.com/ns/film.film.directed_by,1
http://dbpedia.org/ontology/architectualBureau,1
http://dbpedia.org/property/sourceConfluenceLongEw,1
http://www.opengis.net/ont/geosparql#rss,1
http://dbpedia.org/property/statebefore2link,1
http://rdfs.org/sioc/ns#container_of,1
http://dbpedia.org/ontology/cinematographer,1
http://dbpedia.org/property/stateSkytrain,1
http://www.w3.org/2002/07/owl#child,1
http://dbpedia.org/birthDate,1
http://wikiba.se/ontology#statementProperty,1
http://www.w3.org/2002/07/owl#influencedBy,1
http://dbpedia.org/ontology/Writer/notableWork,1
http://dbpedia.org/ontology/protein,1
http://dbpedia.org/property/riverSpan,1
http://dbpedia.org/ontology/Weapon/type,1
http://dbpedia.org/property/boilingpoint,1
http://dbpedia.org/ontology/beltwayCity,1
http://dbpedia.org/property/capitalUnderManagement,1
http://data.europa.eu/eli/ontology#is_realized_by,1
http://dbpedia.org/property/sourceLongitude,1
http://dbpedia.org/property/stateHouse,1
http://dbpedia.org/ontology/sexualOrientation,1
http://atted.jp/rdf/def/0.1/gene_pair,1
http://dbpedia.org/property/sourceSecondaireLongitude,1
http://www.aktors.org/ontology/portal#addresses-generic-area-of-interest,1
http://dbpedia.org/property/peopleAlsoSearchFor,1
http://dbpedia.org/ontology/alliance,1
http://www.w3.org/2000/01/rdf-schema#resource,1
http://www.w3.org/2000/01/rdf-schema#Resource,1
http://dbpedia.org/property/currencyCode,1
http://dbpedia.org/ontology/Airline/hubAirport,1
http://dbpedia.org/ontology/Organisation/foundationPerson,1
http://dbpedia.org/property/imageSize,1
http://dbpedia.org/property/current,1
http://dbpedia.org/property/Province,1
http://dbpedia.org/property/longw,1
http://dbpedia.org/ontology/resides,1
http://dbpedia.org/property/janMeanC,1
http://dbpedia.org/ontology/WineRegion/partOfWineRegion,1
http://dbpedia.org/ontology/athletics,1
http://dbpedia.org/ontology/WineRegion/wineProduced,1
http:dbpedia.org/ontology/singer,1
http://dbpedia.org/ontology/unitaryAuthority,1
http://dbpedia.org/propertyname,1
http://dbpedia.org/ontology/Automobile/parentCompany,1
http://dbpedia.org/ontology/populatedplace,1
http://dbpedia/org/ontology/locationCity,1
http://data.nytimes.com/elements/topicPage,1
http://dbpedia.org/ontology/Artery/branchFrom,1
http://dbpedia.org/ontology/BritishRoyalty/royalAnthem,1
http://dbpedia.org/ontology/vicePrincipal,1
http://dbpedia.org/ontology/SpaceMission/launchPad,1
http://dbpedia.org/ontology/Species/division,1
http://dbpedia.org/property/settlement,1
http://dbpedia.org/ontology/Canal/engineer,1
http://dbpedia.org/ontology/billed,1
http://dbpedia.org/ontology/youthClub,1
http://dbpedia.org/property/capitalState,1
http://dbpedia.org/ontology/School/denomination,1
http://dbpedia.org/ontology/Artist/instrument,1
http://dbpedia.org/starring,1
http://dbpedia.org/ontology/City/department,1
http://dbpedia.org/resource/Laptop,1
http://dbpedia.org/property/thumbnil,1
http://dbpedia.org/property/teams,1
http://dbpedia.org/property/genus,1
http://learningsparql.com/ns/addressbook#firstName,1
http://dbpedia.org/ontology/lieutenancyArea,1
http://dbpedia.org/property/activity,1
http://xmlns.com/foaf/0.1/phone,1
http://dbpedia.org/ontology/compiler,1
http://dbpedia.org/ontology/FilmFestival/starring,1
http://dbpedia.org/ontology/fastestDriverCountry,1
http://dbpedia.org/ontology/Song,1
http://dbpedia.org/property/capitalEmployed,1
http://dbpedia.org/ontology/filmColourType,1
http://dbpedia.org/ontology/license,1
http://dbpedia.org/ontology/winsAtAus,1
http://dbpedia.org/property/companyType,1
http://dbpedia.org/ontology/Country/anthem,1
http://iptc.org/std/rNews/2011-10-07#headline,1
http://dbpedia.org/property/system,1
http://dbpedia.org/property/statebefore,1
http://dbpedia.org/ontology/show,1
http://dbpedia.org/property/stateMinister,1
http://data.nobelprize.org/terms/laureateAward,1
http://dbpedia.org/ontology/MusicGenre/musicSubgenre,1
http://dbpedia.org/property/source1Country,1
http://dbpedia.org/ontoloy/birthYear,1
http://dbpedia.org/ontology/Aircraft/nationalOrigin,1
http://dbpedia.org/ontology/outflow,1
http://dbpedia.org/property/denomination,1
http://triple.twitter.elte.hulang,1
http://dbpedia.org/genre,1
http://dbpedia.org/ontology/Olympics/olympicOathSwornByAthlete,1
http://dbpedia.org/ontology/goldenRaspberryAward,1
http://dbpedia.org/property/bbr,1
http://atted.jp/rdf/def/0.1/mutual_rank,1
http://dbpedia.org/ontology/MilitaryUnit/aircraftHelicopterObservation,1
http://dbpedia.org/ontology/Album/compiler,1
http://dbpedia.org/ontology/Artist/baftaAward,1
http://dbpedia/org/ontology/activeYearsStartYear,1
http://bio2rdf.org/drugbank_vocabulary:dosage,1
http://dbpedia.org/ontology/Building/tenant,1
http://dbpedia.org/ontology/UniversityDegree,1
http://dbpedia.org/ontology/birthDay,1
http://dbpedia.org/ontology/luminosity,1
http://dbpedia.org/ontology/BirthPlace,1
http://dbpedia.org/ontology/Beverage/manufacturer,1
http://dbpedia.org/ontology/dbo:almaMater,1
http://dbpedia.org/property/shipLength,1
http://dbpedia.org/property/stateAssembly,1
http://dbpedia.org/ontology/generalManager,1
http://dbpedia.org/ontology/handedness,1
http://dbpedia.org/property/stateAnthem,1
http://dbpedia.org/property/attendance,1
http://education.data.gov.uk/def/school/establishmentName,1
http://dbpedia.org/ontology/britishComedyAwards,1
http://dbpedia.org/ontology/Organisation/product,1
http://dbpedia.org/ontology/usingCountry,1
http://dbpedia.org/abstract,1
http://www.dbpedia.org/ontology/notableWork,1
http://dbpedia.org/ontology/currentMember,1
http://dbpedia.org/property/meaning,1
http://dbpedia.org/ontology/march,1
http://dbpedia.org/ontology/mouthDistrict,1
http://dbpedia.org/ontology/translator,1
http://schema.org/MusicGroup,1
http://dbpedia.org/ontology/formerPartner,1
http://dbpedia.org/property/stateSenate,1
http://dbpedia.org/resource/bandMember,1
http://dbpedia.org/property/wikipage-en,1
http://www.kanzaki.com/ns/dpd#longm,1
http://dbpedia.org/property/storeCount,1
http://dbpedia.org/ontology/MilitaryUnit/aircraftBomber,1
http://dbpedia.org/property/undergrad,1
http://dbpedia.org/property/source2LongEw,1
http://dbpedia.org/ontology/companyName,1
http://dbpedia.org/property/capitalRegion,1
http://dbpedia.org/ontology/network,1
http://dbpedia.org/ontology/BodyOfWater/state,1
http://cloud.culture.tw/resources/title,1
http://dbpedia.org/property/Prime_Minister_of_Singapore,1
http://dbpedia.org/ontology/coExecutiveProducer,1
http://dbpedia.org/ontology/part,1
http://dbpedia.org/ontology/closingDate,1
http://dbpedia.org/ontology/birtday,1
http://dbpedia.org/ontology/Canal/principalEngineer,1
http://dbpedia.org/ontology/coolingSystem,1
http://dbpedia.org/property/capitalLatS,1
http://dbpedia.org/ontology/peabodyAward,1
http://xmlns.com/foaf/0.1/knows,1
http://dbpedia.org/ontology/Saint/canonizedPlace,1
http://dbpedia.org/property/sourceCountryFlag,1
http://dbpedia.org/property/policeName,1
http://dbpedia.org/property/capitalLatM,1
http://fr.dbpedia.org/propertysubdivision,1
http://purl.org/linked-data/sdmx/2009/dimension#refPeriod,1
http://dbpedia.org/property/stateSeats,1
http://dbpedia.org/ontology/Person/predecessor,1
http://www.kanzaki.com/ns/dpd#longd,1
http://dbpedia.org/ontology/subregion,1
http://dbpedia.org/ontology/GrandPrix/firstDriver,1
http://dbpedia.org/ontology/citySince,1
http://dbpedia.org/page/Double-deck_aircraft/firstFlight,1
http://dbpedia.org/property/source,1
http://dbpedia.org/property/names,1
http://dbpedia.org/ontology/summerAppearances,1
http://dbpedia.org/artist,1
http://dbpedia.org/ontology/chairperson,1
http://dbpedia.org/name,1
http://dbpedia.org/ontology/Person/weight,1
http://dbpedia.org/ontology/firstWinner,1
http://dbpedia.org/Ontologyabstract,1
http://dbpedia.org/resource/List_of_sel_teams,1
http://dbpedia.org/property/source2LongS,1
http://dbpedia.org/ontology/WikiPageId,1
http://dbpedia.org/ontology/WorldHeritageSite/region,1
http://dbpedia.org/ontology/distance,1
http://dbpedia.org/property/refnum,1
http://dbpedia.org/property/source2LongD,1
http://dbpedia.org/property/statement,1
http://purl.org/linked-data/cube#observation,1
http://dbpedia.org/ontology/birthname,1
http://dbpedia.org/ontology/engineer,1
http://dbpedia.org/ontology/School/district,1
http://purl.org/linked-data/cube#structure,1
http://dbpedia.org/ontology/River/sourceCountry,1
http://dbpedia.org/ontology/highschool,1
http://dbpedia.org/ontology/idelogy,1
http://dbpedia.org/ontology/yearOfConstruction,1
http://dbpedia.org/property/stateDelegate,1
http://dbpedia.org/property/span,1
http://dbpedia.org/ontology/Film/writer,1
http://dbpedia.org/ontology/debutTeam,1
http://dbpedia.org/property/stateRankings,1
http://dbpedia.org/ontology/WrestlingEvent/promotion,1
http://dbpedia.org/ontology/City/administrativeCollectivity,1
http://dbpedia.org/property/leader,1
http://xmlns.com/foaf/0.1/title,1
http://dbpedia.org/resource/activeYearsStartYear,1
http://geo.linkedopendata.gr/gag/ontology/__,1
http://dbpedia.org/property/discoverer,1
http://dbpedia.org/ontology/SoccerClub/chairman,1
http://dbpedia.org/property/programmingLanguage,1
http://www.w3.org/2000/01/rdf-schema#isDefinedBy,1
http://dbpedia.org/propertytype,1
http://dbpedia.org/property/placeofbirth,1
http://dbpedia.org/property/stateIso,1
http://dbpedia.org/property/junPrecipitationMm,1
http://www.w3.org/1999/02/22-rdf-syntax-ns#Label,1
http://dbpedia.org/ontology/GrandPrix/secondDriver,1
http://atted.jp/rdf/def/0.1/gene_id_1,1
http://purl.org/linked-data/cube#slice,1
http://atted.jp/rdf/def/0.1/gene_id_2,1
http://dbpedia.org/ontology/Airline/alliance,1
http://dbpedia.org/resource/starring,1
http://dbpedia.org/ontology/Road/ruralMunicipality,1
http://dbpedia.org/ontology/FilmFestival/language,1
http://dbpedia.org/ontology/wineRegion,1
http://xmlns.com/foaf/0.1/familyName,1
http://dbpedia.org/ontology/causedBy,1
http://dbpedia.org/class/yago/populationTotal,1
http://dbpedia.org/ontology/AnatomicalStructure/artery,1
http://dbpedia.org/ontology/Broadcast/country,1
http://dbpedia.org/property/display,1
http://dbpedia.org/ontology/dissolutionDate,1
http://dbpedia.org/property/source1LongS,1
http://dbpedia.org/property/languae,1
http://dbpedia.org/property/source1LongM,1
http://dbpedia.org/ontology/Astronaut/mission,1
http://dbpedia.org/property/source1LongD,1
http://dbpedia.org/property/source2Location,1
http://www.w3.org/ns/oa#hasTarget,1
http://dbpedia.org/ontology/FigureSkater/formerCoach,1
http://dbpedia.org/ontology/recordPlace,1
http://ld2sd.deri.org/LD2SD/ns#hasMethod,1
http://dbpedia.org/ontology/deadthPlace,1
http://dbpedia.org/property/stateOfExistence,1
http://dbpedia.org/ontology/Rocket/launchSite,1
http://dbpedia.org/resource/writer,1
http://dbpedia.org/property/namename,1
http://dbpedia.org/ontology/Producer,1
http://xmlns.com/foaf/0.1/name/isPrimaryTopicOf,1
http://dbpedia.org/ontology/Olympics/officialOpenedBy,1
http://dbpedia.org/ontology/PopulatedPlace/largestSettlement,1
http://dbpedia.org/resource/recordLabel,1
http://dbpedia.org/ontology/Event/previousEvent,1
http://dbpedia.org/ontology/River/sourceDistrict,1
http://dbpedia.org/ontology/launches,1
http://dbpedia.org/ontology/faaLocationIdentifier,1
http://dbpedia.org/ontology/binomial,1
http://dbpedia.org/ontology/lowestMountain,1
http://dbpedia.org/ontology/longtype,1
http://dbpedia.org/ontology/headAlloy,1
http://dbpedia.org/property/stateRep,1
http://dbpedia.org/property/stategov,1
http://dbpedia.org/property/source1District,1
http://dbpedia.org/ontology/Area/memberOfParliament,1
http://dbpedia.org/ontology/voiceType,1
http://dbpedia.org/ontology/Artist/goldenGlobeAward,1
http://dbpedia.org/ontology/added,1
http://dbpedia.org/ontology/iso31661Alpha,1
http://atted.jp/rdf/def/0.1/pcc,1
http://dbpedia.org/property/Concept,1
http://dbpedia.org/ontology/,1
http://dbpedia.org/ontology/River/mouthMountain,1
http://dbpedia.org/ontology/mediaType,1
http://dbpedia.org/property/stateSenate&House,1
http://dbpedia.org/ontology/Device/predecessor,1
http://dbpedia.org/ontology/Organisation/type,1
http://dbpedia.org/ontology/Road/city,1
http://dbpedia.org/property/sourceElevationMetric,1
http://dbpedia.org/property/Author,1
http://dbpedia.org/ontology/blankInfo,1
http://dbpedia.org/ontology/colour,1
http://dbpedia.org/propertysubdivisionName,1
http://dbpedia.org/ontology/film,1
http://dbpedia.org/property/alternativeNames,1
http://dbpedia.org/ontology/Spacecraft/rocket,1
http://dbpedia.org/ontology/FilmFestival/writer,1
http://purl.org/ontology/mo/creatorOf,1
http://dbpedia.org/property/specifications,1
http://dbpedia.org/page/Dokkan_Shehata,1
http://dbpedia.org/ontology/retiredRocket,1
http://dbpedia.org/property/youthclubs,1
http://dbpedia.org/ontology/musicians,1
http://dbpedia.org/ontology/Olympics/torchBearer,1
http://dbpedia.org/resource/endowment,1
http://dbpedia.org/property/builder,1
https://en.wikipedia.org/wiki/List_of_countries_and_dependencies_by_populationpopulationEstimate,1
http://dbpedia.org/associatedBand,1
http://dbpedia.org/property/decMeanC,1
http://dbpedia.org/ontology/Actor/screenActorsGuildAward,1
http://dbpedia.org/ontology/aircraftTrainer,1
http://dbpedia.org/property/source1LongEw,1
http://dbpedia.org/ontology/Writer,1
http://data.europa.eu/eli/ontology#transposes,1
http://dbpedia.org/property/junSun,1
http://dbpedia.org/ontology/Magazine/editor,1
http://dbpedia.org/property/sourceElevationRound,1
http://dbpedia.org/property/locmapin,1
http://dbpedia.org/ontology/created,1
http://dbpedia.org/property/sourceConfluenceState,1
http://dbpedia.org/ontology/showName,1
http://dbpedia.org/property/stateMinister1Title,1
http://dbpedia.org/spouse,1
http://dbpedia.org/property/localTime,1
http://dbpedia.org/ontology/TelevisionShow/composer,1
http://dbpedia.org/ontology/statisticLabel,1
http://dbpedia.org/ontology/officialOpenedBy,1
http://dbpedia.org/ontology/movie,1
http://dbpedia.org/property/athletesParticipating,1
http://dbpedia.org/ontology/isbn,1
http://dbpedia.org/ontology/Species/binomialAuthority,1
http://dbpedia.org/ontology/branchTo,1
http://dbpedia.org/ontology/Monarch/placeOfBurial,1
http://dbpedia.org/ontology/foundationplace,1
http://www.w3.org/2000/01/rdf-schema#lable,1
http://dbpedia.org/property/sourceLongNs,1
http://xmlns.com/foaf/0.1/Images,1
http://dbpedia.org/property/east,1
http://dbpedia.org/ontology/Band/voiceType,1
http://dbpedia.org/ontology/HistoricPlace,1
http://dbpedia.org/ontology/MilitaryConflict/place,1
http://dbpedia.org/property/notableIdeas,1
http://dbpedia.org/property/stateBird,1
http://dbpedia.org/ontology/Species/family,1
http://dbpedia.org/property/capitalLongM,1
http://dbpedia.org/property/source1LengthKm,1
http://dbpedia.org/author,1
http://dbpedia.org/property/office,1
http://dbpedia.org/ontology/Skyscraper/developer,1
http://triple.twitter.elte.hutext,1
http://www.cs.helsinki.fi/group/seco/ns/2004/03/18-esinekortti#www_kuvatiedosto_pieni_url,1
http://dbpedia.org/property/club,1
http://dbpedia.org/property/sourceConfluenceCountry,1
http://dbpedia.org/property/orgGroup,1
http://dbpedia.org/property/source2ElevationImperial,1
http://dbpedia.org/property/foundedDate,1
http://dbpedia.org/ontology/birtPlace,1
http://dbpedia.org/ontology/branchOf,1
http://dbpedia.org/ontology/Municipality/neighboringMunicipality,1
http://dbpedia.org/ontology/Actor/arielAward,1
http://dbpedia.org/property/capitalExile,1
http://rdf.freebase.com/ns/type.object.type,1
http://dbpedia.org/property/soil,1
http://dbpedia.org/property/mostAwards,1
http://www.w3.org/2004/02/skos/core#broaderTransitive,1
http://dbpedia.org/property/musicians,1
http://dbpedia.org/ontology/MilitaryPerson/branch,1
http://dbpedia.org/property/junMeanC,1
http://dbpedia.org/property/designatedOther,1
http://dbpedia.org/resource/voice,1
http://dbpedia.org/ontology/board,1
http://dbpedia.org/property/sourceLengthNote,1
http://dbpedia.org/ontology/politicalPartyOfLeader,1
